Time (s),Volume (m^3),Ar,He,Ne,N2,ribose(1),cysteine(2),water(3)
0.0,1.7543859649122806e-05,0.0,0.0,0.0,0.0,0.017543859649122806,0.017543859649122806,0.9649122807017543
